Date,Median Home Price (NSA),CPI-Adjusted Price
1953-01-15,18080.26,198676.23
1953-02-15,18080.26,199425.95
1953-03-15,18080.26,198676.23
1953-04-15,18122.25,199137.64
1953-05-15,18143.25,198621.7
1953-06-15,18143.25,197880.57
1953-07-15,18185.25,198338.65
1953-08-15,18206.25,197829.52
1953-09-15,18227.25,198057.71
1953-10-15,18227.25,197324.16
1953-11-15,18206.25,197829.52
1953-12-15,18206.25,197829.52
1954-01-15,18206.25,197829.52
1954-02-15,18227.25,198057.71
1954-03-15,18227.25,198057.71
1954-04-15,18206.25,198567.69
1954-05-15,18206.25,197829.52
1954-06-15,18227.25,198057.71
1954-07-15,18290.25,198742.26
1954-08-15,18332.24,199198.53
1954-09-15,18374.24,200399.88
1954-10-15,18353.24,200170.84
1954-11-15,18353.24,200170.84
1954-12-15,18374.24,201150.44
1955-01-15,18395.24,201380.34
1955-02-15,18332.24,200690.65
1955-03-15,18290.25,200230.97
1955-04-15,18185.25,199081.49
1955-05-15,18185.25,199081.49
1955-06-15,18269.25,200001.07
1955-07-15,18332.24,199941.81
1955-08-15,18437.24,201087
1955-09-15,18479.24,200795.83
1955-10-15,18458.24,200567.65
1955-11-15,18416.24,200111.27
1955-12-15,18374.24,200399.88
1956-01-15,18332.24,199941.81
1956-02-15,18269.25,199254.8
1956-03-15,18206.25,198567.69
1956-04-15,18122.25,196916.77
1956-05-15,18143.25,196414.79
1956-06-15,18332.24,197001.49
1956-07-15,18479.24,197131.68
1956-08-15,18605.23,199202.72
1956-09-15,18584.23,198251.68
1956-10-15,18563.24,197307.67
1956-11-15,18521.24,196861.25
1956-12-15,18542.24,196370.38
1957-01-15,18605.23,197037.47
1957-02-15,18773.23,198098.92
1957-03-15,18773.23,197386.33
1957-04-15,18899.22,197998.8
1957-05-15,18962.22,197949.32
1957-06-15,18899.22,196589.55
1957-07-15,18899.22,195200.23
1957-08-15,18899.22,195200.23
1957-09-15,18962.22,195850.92
1957-10-15,19067.21,196935.31
1957-11-15,19067.21,196241.87
1957-12-15,19046.22,196025.84
1958-01-15,19067.21,194869.55
1958-02-15,19067.21,194869.55
1958-03-15,19235.21,195221.35
1958-04-15,19277.21,194970.64
1958-05-15,19319.2,195395.32
1958-06-15,19214.21,194333.45
1958-07-15,19214.21,193663.34
1958-08-15,19193.21,194121.06
1958-09-15,19130.21,193483.87
1958-10-15,19109.21,193271.48
1958-11-15,19151.21,193028.35
1958-12-15,19172.21,193908.66
1959-01-15,19130.21,192816.68
1959-02-15,19109.21,193271.48
1959-03-15,19109.21,193271.48
1959-04-15,19109.21,192605.02
1959-05-15,19193.21,193451.67
1959-06-15,19193.21,192786.89
1959-07-15,19130.21,191496.02
1959-08-15,19109.21,191285.81
1959-09-15,19151.21,191051.95
1959-10-15,19256.21,191446.03
1959-11-15,19277.21,191654.81
1959-12-15,19193.21,190819.68
1960-01-15,19256.21,192099.43
1960-02-15,19256.21,191446.03
1960-03-15,19256.21,191446.03
1960-04-15,19256.21,190797.06
1960-05-15,19214.21,190380.91
1960-06-15,19172.21,189322.98
1960-07-15,19172.21,189322.98
1960-08-15,19256.21,190152.47
1960-09-15,19340.2,190981.86
1960-10-15,19403.2,190318.05
1960-11-15,19340.2,189700.1
1960-12-15,19340.2,189700.1
1961-01-15,19340.2,189700.1
1961-02-15,19298.2,189288.14
1961-03-15,19340.2,189700.1
1961-04-15,19256.21,188876.28
1961-05-15,19319.2,189494.12
1961-06-15,19298.2,189288.14
1961-07-15,19361.2,188640.04
1961-08-15,19382.2,189476.24
1961-09-15,19382.2,188844.65
1961-10-15,19382.2,188844.65
1961-11-15,19487.2,189867.69
1961-12-15,19529.2,190276.9
1962-01-15,19550.19,190481.41
1962-02-15,19508.2,189440.82
1962-03-15,19508.2,189440.82
1962-04-15,19508.2,188813.54
1962-05-15,19613.19,189829.7
1962-06-15,19634.19,190032.95
1962-07-15,19634.19,189405.78
1962-08-15,19634.19,189405.78
1962-09-15,19613.19,188580.82
1962-10-15,19571.19,188176.99
1962-11-15,19592.19,188378.91
1962-12-15,19592.19,188378.91
1963-01-15,19613.19,188580.82
1963-02-15,19613.19,188580.82
1963-03-15,19718.19,188968.79
1963-04-15,19802.18,189773.71
1963-05-15,19760.19,189371.29
1963-06-15,19760.19,188752.43
1963-07-15,19802.18,188537.39
1963-08-15,19802.18,188537.39
1963-09-15,19802.18,188537.39
1963-10-15,19802.18,187925.26
1963-11-15,19928.18,189121.02
1963-12-15,20012.18,189303.57
1964-01-15,20012.18,189303.57
1964-02-15,20075.17,189899.41
1964-03-15,20075.17,189899.41
1964-04-15,20012.18,189303.57
1964-05-15,19928.18,188508.97
1964-06-15,19991.18,188494.9
1964-07-15,20033.17,188283.46
1964-08-15,20096.17,189484.84
1964-09-15,20159.17,189467.68
1964-10-15,20201.17,189862.42
1964-11-15,20264.17,189844.1
1964-12-15,20264.17,189844.1
1965-01-15,20390.16,191024.43
1965-02-15,20390.16,191024.43
1965-03-15,20327.16,189825.8
1965-04-15,20285.16,188830.29
1965-05-15,20264.17,188634.9
1965-06-15,20264.17,187441.01
1965-07-15,20306.16,187829.41
1965-08-15,20306.16,187829.41
1965-09-15,20306.16,187829.41
1965-10-15,20432.16,188398.7
1965-11-15,20537.15,189366.78
1965-12-15,20600.15,189350.36
1966-01-15,20663.15,189929.44
1966-02-15,20621.15,188358.74
1966-03-15,20621.15,187771.95
1966-04-15,20642.15,186799.32
1966-05-15,20684.15,187179.39
1966-06-15,20726.15,186980.58
1966-07-15,20747.15,186594.12
1966-08-15,20684.15,184889.73
1966-09-15,20684.15,184889.73
1966-10-15,20768.14,184511.98
1966-11-15,20768.14,184511.98
1966-12-15,20852.14,185258.27
1967-01-15,20852.14,185258.27
1967-02-15,20852.14,185258.27
1967-03-15,20705.15,183394.92
1967-04-15,20789.14,183582.55
1967-05-15,20915.14,184138.91
1967-06-15,20957.14,183954.6
1967-07-15,20957.14,183403.84
1967-08-15,21083.13,183955.66
1967-09-15,21083.13,183408.17
1967-10-15,21167.13,183592.51
1967-11-15,21230.13,183594.14
1967-12-15,21335.12,183957.82
1968-01-15,21314.12,182698.89
1968-02-15,21419.12,183062.08
1968-03-15,21377.12,182170.46
1968-04-15,21377.12,181640.89
1968-05-15,21314.12,180580.64
1968-06-15,21482.11,180954.89
1968-07-15,21566.11,180621.42
1968-08-15,21629.11,180631.5
1968-09-15,21629.11,180116.88
1968-10-15,21776.1,180313.51
1968-11-15,22028.09,181884.82
1968-12-15,22217.08,182928.55
1969-01-15,22322.08,183276.82
1969-02-15,22427.08,183110.22
1969-03-15,22616.07,183118.75
1969-04-15,22637.07,182278.93
1969-05-15,22742.06,182621.24
1969-06-15,22805.06,182126.44
1969-07-15,23015.05,182804.54
1969-08-15,23162.05,182977.69
1969-09-15,23330.04,183808.02
1969-10-15,23519.03,184303.44
1969-11-15,23624.03,184138.92
1969-12-15,23771.02,184301.7
1970-01-15,24002.01,185600.3
1970-02-15,24170,185915.64
1970-03-15,24296,185906.38
1970-04-15,24400.99,185254.85
1970-05-15,24589.99,186206.11
1970-06-15,24757.98,186511.82
1970-07-15,24820.98,186027.52
1970-08-15,25051.97,187758.73
1970-09-15,25303.96,188679.75
1970-10-15,25429.95,188656.67
1970-11-15,25576.95,188788.89
1970-12-15,25723.94,188919.72
1971-01-15,25786.94,189382.4
1971-02-15,25723.94,188446.23
1971-03-15,25723.94,187975.12
1971-04-15,25807.94,188118.64
1971-05-15,25996.93,188555.8
1971-06-15,26269.92,189127.89
1971-07-15,26311.92,188964.84
1971-08-15,26395.91,189103.4
1971-09-15,26458.91,189554.74
1971-10-15,26542.91,189691.6
1971-11-15,26752.9,191192.31
1971-12-15,26815.9,190709.98
1972-01-15,26899.89,191307.31
1972-02-15,26962.89,190826.75
1972-03-15,26941.89,190217.55
1972-04-15,26983.89,190055.01
1972-05-15,27067.88,190188.29
1972-06-15,27235.88,190909.8
1972-07-15,27508.87,191902.93
1972-08-15,27613.86,192176.69
1972-09-15,27592.86,191574.41
1972-10-15,27571.86,190523.51
1972-11-15,27592.86,190218.93
1972-12-15,27613.86,189915.78
1973-01-15,27550.86,189037.7
1973-02-15,27550.86,187715.76
1973-03-15,27571.86,186123.43
1973-04-15,27571.86,184842.76
1973-05-15,27634.86,183999.07
1973-06-15,27697.86,183166.83
1973-07-15,27676.86,182614.8
1973-08-15,27928.85,181008.67
1973-09-15,28033.84,181287.15
1973-10-15,28243.84,181043.01
1973-11-15,28369.83,180662.04
1973-12-15,28558.82,180684.61
1974-01-15,28789.81,180582.54
1974-02-15,29020.8,179717.45
1974-03-15,29335.79,179387.74
1974-04-15,29440.79,179279.69
1974-05-15,29587.78,177950.41
1974-06-15,29755.77,177499.85
1974-07-15,29902.77,176932.39
1974-08-15,30175.76,176405.08
1974-09-15,30469.74,176011.52
1974-10-15,30721.73,175730.7
1974-11-15,30952.72,175676.82
1974-12-15,31435.7,177042.96
1975-01-15,32033.5,179717.16
1975-02-15,32086.75,178644.36
1975-03-15,32169.16,178423.47
1975-04-15,32222.41,178043.13
1975-05-15,32318.77,177568.56
1975-06-15,32298.49,176132.83
1975-07-15,32472.18,175119.71
1975-08-15,32664.89,175834.56
1975-09-15,32994.54,176633.19
1975-10-15,33239.23,176970.75
1975-11-15,33475.05,176937.13
1975-12-15,33570.14,176800.32
1976-01-15,33693.12,177128.85
1976-02-15,33757.78,176832.69
1976-03-15,34054.46,178067.66
1976-04-15,34395.51,179209.8
1976-05-15,34801.22,180039.95
1976-06-15,34908.99,179643.63
1976-07-15,35196.79,180173.05
1976-08-15,35426.27,180399.95
1976-09-15,35681.11,181066.77
1976-10-15,35797.75,180717.43
1976-11-15,36005.68,181453.73
1976-12-15,36304.89,182332.89
1977-01-15,36606.64,182905.55
1977-02-15,37036.44,183174.34
1977-03-15,37566.4,184546.36
1977-04-15,38234.56,186263.48
1977-05-15,38707.47,187629.17
1977-06-15,39000.34,187803.02
1977-07-15,39402.25,188805.25
1977-08-15,39801.62,190095.66
1977-09-15,40322.71,191957.11
1977-10-15,40829.85,193740.29
1977-11-15,41252.04,194794.93
1977-12-15,41624.79,195922.06
1978-01-15,42044.45,196630.79
1978-02-15,42516.09,197572.07
1978-03-15,43108.18,198743.67
1978-04-15,43673.64,199775.12
1978-05-15,44273.33,200634.38
1978-06-15,44940.22,201470.04
1978-07-15,45572.88,202751.45
1978-08-15,46173.84,204491.34
1978-09-15,46658.16,205082.61
1978-10-15,47110.78,205220.46
1978-11-15,47605.24,206451.35
1978-12-15,48169.44,207972.45
1979-01-15,48813.5,208901.77
1979-02-15,49427.14,209078.95
1979-03-15,50082.62,209727.07
1979-04-15,50733.03,210043.37
1979-05-15,51391.04,210089.45
1979-06-15,52041.45,210394.3
1979-07-15,52624.66,210423.77
1979-08-15,53154.62,210526.87
1979-09-15,53604.71,210032.74
1979-10-15,54080.15,210204.94
1979-11-15,54468.12,209760.39
1979-12-15,54796.49,208823.92
1980-01-15,55074.15,206914.57
1980-02-15,55392.38,205208.76
1980-03-15,55865.29,203860.18
1980-04-15,56388.91,203484.6
1980-05-15,56788.28,202921.6
1980-06-15,57133.14,201932.14
1980-07-15,57529.97,203334.71
1980-08-15,57865.95,203049.05
1980-09-15,58147.42,202336.41
1980-10-15,58387.04,201253.52
1980-11-15,58621.59,200407.68
1980-12-15,58853.61,199335.74
1981-01-15,59034.91,198341.01
1981-02-15,59272,197098.62
1981-03-15,59625.73,196930.65
1981-04-15,60156.96,197347.24
1981-05-15,60575.35,197170.74
1981-06-15,60967.12,196693.66
1981-07-15,61280.27,195545.61
1981-08-15,61594.7,195058.34
1981-09-15,61711.34,193540.53
1981-10-15,61795.02,193387.98
1981-11-15,61798.83,192780.69
1981-12-15,61848.27,192319.17
1982-01-15,61890.11,191837.03
1982-02-15,61990.27,191538.14
1982-03-15,61956.04,191634.95
1982-04-15,62037.18,191077.13
1982-05-15,62118.32,189529.61
1982-06-15,62113.25,187169.63
1982-07-15,62096.77,186160.38
1982-08-15,62068.88,185695.86
1982-09-15,62090.43,185380.84
1982-10-15,62091.7,184818.28
1982-11-15,62095.5,185206.8
1982-12-15,62200.73,186280.99
1983-01-15,62408.66,186521.49
1983-02-15,62733.23,187300.02
1983-03-15,62993.14,188076.03
1983-04-15,63317.71,187702.98
1983-05-15,63635.94,187505.35
1983-06-15,63947.83,187856.23
1983-07-15,64312.97,188172.41
1983-08-15,64598.24,188441.19
1983-09-15,64770.67,188006.04
1983-10-15,64892.38,187799.83
1983-11-15,64981.13,187685.02
1983-12-15,65151.02,187989.96
1984-01-15,65341.2,187428.57
1984-02-15,65551.66,187114.14
1984-03-15,65850.88,187601.84
1984-04-15,66219.82,187738.01
1984-05-15,66636.94,188372.45
1984-06-15,67021.1,188910.31
1984-07-15,67391.31,189223.92
1984-08-15,67714.61,189403.92
1984-09-15,67914.94,189059.67
1984-10-15,68040.45,188869.43
1984-11-15,68050.6,188897.61
1984-12-15,68197.67,189305.85
1985-01-15,68432.22,189596.82
1985-02-15,68742.84,189559.03
1985-03-15,69134.61,189922.65
1985-04-15,69604.98,190320.46
1985-05-15,70137.48,191061.56
1985-06-15,70642.08,191899.6
1985-07-15,71147.95,192915.22
1985-08-15,71638.61,193885.92
1985-09-15,72102.64,194601.23
1985-10-15,72510.89,194982.92
1985-11-15,72907.73,195510.44
1985-12-15,73295.69,196011.32
1986-01-15,73735.64,196648.11
1986-02-15,74171.78,198354.21
1986-03-15,74730.9,200767.86
1986-04-15,75419.34,202990.53
1986-05-15,76136.94,204357.42
1986-06-15,76893.85,205258.13
1986-07-15,77657.1,207295.52
1986-08-15,78330.33,208711.41
1986-09-15,78912.27,209307.99
1986-10-15,79354.75,210290.81
1986-11-15,79751.59,211151
1986-12-15,80338.6,212512.68
1987-01-15,80829.26,212464.65
1987-02-15,81336.4,213031.4
1987-03-15,81762.4,213191.99
1987-04-15,82402.66,213717.55
1987-05-15,83131.67,214845.75
1987-06-15,83979.87,216272.95
1987-07-15,84694.93,217539.45
1987-08-15,85303.5,217953.43
1987-09-15,85753.59,217960.27
1987-10-15,86107.32,218289.9
1987-11-15,86349.48,218714.1
1987-12-15,86667.71,219520.15
1988-01-15,86968.19,219710.06
1988-02-15,87390.38,220205.68
1988-03-15,87906.4,220555.27
1988-04-15,88493.41,220890.43
1988-05-15,89278.21,222090.75
1988-06-15,90113.73,223219.35
1988-07-15,90897.26,224210.17
1988-08-15,91531.18,224825.19
1988-09-15,92024.38,224527.2
1988-10-15,92338.8,224544.61
1988-11-15,92646.89,225106.53
1988-12-15,92915.67,225384.89
1989-01-15,93342.94,225299.49
1989-02-15,93786.69,225439.76
1989-03-15,94347.08,225488.75
1989-04-15,94927.75,225402.13
1989-05-15,95471.66,225411.83
1989-06-15,95978.8,226061.4
1989-07-15,96417.48,226546.98
1989-08-15,96710.35,226870.37
1989-09-15,96897.99,226583.16
1989-10-15,96981.67,225695.5
1989-11-15,97020.97,225248.94
1989-12-15,96989.28,224818.23
1990-01-15,97024.78,222605.61
1990-02-15,97100.85,221735.86
1990-03-15,97358.22,221114.36
1990-04-15,97676.45,221492.91
1990-05-15,98003.56,221718.64
1990-06-15,98263.47,221108.69
1990-07-15,98329.4,220408.67
1990-08-15,98224.16,218165.11
1990-09-15,97905.93,215655.7
1990-10-15,97505.29,213486.19
1990-11-15,96830.8,211534.05
1990-12-15,96312.25,210401.24
1991-01-15,96112.75,208717.48
1991-02-15,96497.2,209241.44
1991-03-15,96766.32,209514.14
1991-04-15,96775.93,209224.98
1991-05-15,96920.1,208918.57
1991-06-15,97410.27,209357.59
1991-07-15,97381.44,208988.29
1991-08-15,97352.6,208314.61
1991-09-15,97419.88,207546.95
1991-10-15,97640.94,207715.11
1991-11-15,98073.45,208029.59
1991-12-15,98198.4,208143.58
1992-01-15,98256.06,207964.18
1992-02-15,98890.41,208551.74
1992-03-15,99015.36,207765.93
1992-04-15,98928.85,207286.79
1992-05-15,99073.02,207291.68
1992-06-15,99390.19,207213.66
1992-07-15,99668.92,207351.08
1992-08-15,100226.38,207918.88
1992-09-15,100437.82,207767.68
1992-10-15,100649.27,207470.94
1992-11-15,100851.11,207594.2
1992-12-15,100447.44,206908.98
1993-01-15,100197.54,205381.07
1993-02-15,99928.43,204113.77
1993-03-15,100524.33,204616.01
1993-04-15,101312.45,205647.39
1993-05-15,101696.9,206141.45
1993-06-15,102436.97,207353.99
1993-07-15,102456.19,207392.9
1993-08-15,102946.37,207809.48
1993-09-15,103100.15,207689.6
1993-10-15,103196.26,207027.14
1993-11-15,103426.93,207347.59
1993-12-15,103609.54,207713.68
1994-01-15,103532.65,206991.65
1994-02-15,103686.43,206592.56
1994-03-15,104359.22,207226.78
1994-04-15,104897.46,208012.94
1994-05-15,105445.3,208957.56
1994-06-15,106021.97,209390.53
1994-07-15,106118.09,209015.45
1994-08-15,106483.32,208890.26
1994-09-15,106281.48,207936.09
1994-10-15,106387.2,208003.7
1994-11-15,106483.32,207913.48
1994-12-15,106166.14,207294.18
1995-01-15,106146.92,206429.28
1995-02-15,106637.1,206557.97
1995-03-15,106886.99,206358.25
1995-04-15,107367.55,206603.72
1995-05-15,107761.62,206953.29
1995-06-15,108520.91,208001.49
1995-07-15,109011.08,208941
1995-08-15,109347.48,209037.48
1995-09-15,109270.59,208481.44
1995-10-15,109136.03,207547.33
1995-11-15,109203.31,207810.49
1995-12-15,109328.25,208183.78
1996-01-15,109414.75,207134.03
1996-02-15,109520.48,206664.93
1996-03-15,110347.05,207154.79
1996-04-15,110856.45,207312.2
1996-05-15,111442.73,208009.35
1996-06-15,111923.3,208773.02
1996-07-15,112288.53,209054.06
1996-08-15,112298.14,208673.22
1996-09-15,112259.69,207940.8
1996-10-15,112134.75,207053.31
1996-11-15,112269.3,206909.63
1996-12-15,112269.3,206909.63
1997-01-15,112115.52,205976.86
1997-02-15,112394.25,205842.04
1997-03-15,113288.1,206960.37
1997-04-15,113749.44,207543.73
1997-05-15,114547.18,209129.81
1997-06-15,114960.46,209622.47
1997-07-15,115239.19,209868.87
1997-08-15,115633.25,210193.63
1997-09-15,115460.25,209358.37
1997-10-15,115815.86,209483.37
1997-11-15,115979.26,209908.82
1997-12-15,116017.7,210238.75
1998-01-15,116190.7,210161.37
1998-02-15,116988.44,211212.19
1998-03-15,117843.84,212363.03
1998-04-15,118660.8,213440.48
1998-05-15,119545.04,214634.75
1998-06-15,120688.78,216422.38
1998-07-15,120977.12,216673.58
1998-08-15,121409.63,217182.06
1998-09-15,121870.97,217740.81
1998-10-15,122120.86,217655.12
1998-11-15,122649.48,218597.27
1998-12-15,122860.93,219107.74
1999-01-15,123303.05,219360.85
1999-02-15,123764.39,219913.9
1999-03-15,124812.02,221103.36
1999-04-15,125715.48,221095.86
1999-05-15,126926.5,223225.68
1999-06-15,127945.29,225017.43
1999-07-15,128598.86,225488.5
1999-08-15,129271.65,226125.59
1999-09-15,129358.15,225198.75
1999-10-15,129848.33,225648.91
1999-11-15,130069.38,225898.75
1999-12-15,130348.11,226382.84
2000-01-15,131616.8,227909.15
2000-02-15,131395.74,226186.39
2000-03-15,132904.71,226913.06
2000-04-15,134154.18,228912.61
2000-05-15,135221.03,230463.94
2000-06-15,136595.44,231591.07
2000-07-15,137277.84,232209.28
2000-08-15,137700.74,232924.63
2000-09-15,138277.41,232688.16
2000-10-15,138719.53,233029.68
2000-11-15,139171.26,233654.24
2000-12-15,139584.55,234482.79
2001-01-15,140180.45,234004.48
2001-02-15,141103.13,234606.83
2001-03-15,142362.21,236162.91
2001-04-15,143592.45,237261.16
2001-05-15,144784.25,238153.39
2001-06-15,145976.04,239709.06
2001-07-15,146802.61,241745.44
2001-08-15,147360.07,242663.43
2001-09-15,147869.47,242409.73
2001-10-15,148426.92,244145.16
2001-11-15,148398.09,244510.53
2001-12-15,148917.09,246337.69
2002-01-15,149407.27,246590.33
2002-02-15,150253.06,247009.95
2002-03-15,151742.81,248063.85
2002-04-15,153001.89,248731.04
2002-05-15,154664.64,251434.12
2002-06-15,156164,253730.48
2002-07-15,157202.01,255133.36
2002-08-15,158076.64,255700.99
2002-09-15,158759.04,256379.18
2002-10-15,159470.27,257101.61
2002-11-15,159835.5,257690.44
2002-12-15,160479.46,259300.74
2003-01-15,160998.47,258993.99
2003-02-15,162046.1,258686.11
2003-03-15,163161,258910.47
2003-04-15,164689.2,261904.21
2003-05-15,166313.5,264919.73
2003-06-15,167678.3,266802.92
2003-07-15,168956.6,268544.53
2003-08-15,170052.29,269261.13
2003-09-15,171119.14,270072.57
2003-10-15,171666.98,271230.12
2003-11-15,172397.44,273122.4
2003-12-15,173224.01,274729.71
2004-01-15,173733.41,274198.6
2004-02-15,175203.93,275034.41
2004-03-15,177126.19,276271.49
2004-04-15,179231.06,278662.35
2004-05-15,181797.27,281008.01
2004-06-15,184267.36,283925.21
2004-07-15,185785.95,286718.53
2004-08-15,187035.41,288494.47
2004-09-15,188073.43,289484.52
2004-10-15,188938.44,289292.56
2004-11-15,189918.79,290641.38
2004-12-15,190870.31,293171.98
2005-01-15,191514.27,293544.07
2005-02-15,193196.24,294423.82
2005-03-15,195906.62,296237.57
2005-04-15,198434.38,298055.37
2005-05-15,201058.26,302307.23
2005-06-15,203499.53,305820.56
2005-07-15,205479.45,307373.7
2005-08-15,206834.64,307825.55
2005-09-15,208160.99,306059.48
2005-10-15,208680,306206.47
2005-11-15,209218.23,309482.04
2005-12-15,209602.69,311311.12
2006-01-15,210092.86,309678.78
2006-02-15,210986.71,310370.26
2006-03-15,212611.01,311037.78
2006-04-15,213985.43,310407.37
2006-05-15,215667.4,311302.31
2006-06-15,216436.3,311796.28
2006-07-15,216186.41,310518.05
2006-08-15,216647.75,310570.23
2006-09-15,215907.68,311034.75
2006-10-15,215523.23,312173.33
2006-11-15,215215.67,312191.96
2006-12-15,214292.99,310391.4
2007-01-15,214187.26,309294.12
2007-02-15,214840.83,308586.85
2007-03-15,216503.58,308169.05
2007-04-15,217637.71,307783.94
2007-05-15,217887.6,306265.83
2007-06-15,217839.55,305606.04
2007-07-15,216618.92,303970.94
2007-08-15,215436.73,302867.46
2007-09-15,213802.81,299744.38
2007-10-15,211467.27,295837.18
2007-11-15,209093.29,290788.87
2007-12-15,206930.75,287974.59
2008-01-15,204278.04,282876.89
2008-02-15,203566.8,281075.72
2008-03-15,202519.18,277226.15
2008-04-15,201471.55,274129.53
2008-05-15,200625.75,270699.18
2008-06-15,200116.36,267318.11
2008-07-15,198194.1,263367.38
2008-08-15,195839.34,261281.21
2008-09-15,193340.41,258304.48
2008-10-15,191273.98,258151.38
2008-11-15,187064.25,257399.7
2008-12-15,185372.66,257737.73
2009-01-15,185958.95,257432.44
2009-02-15,186679.79,257151.54
2009-03-15,185141.99,254414.54
2009-04-15,185266.94,253952.29
2009-05-15,186583.68,255020.5
2009-06-15,187352.58,253890.53
2009-07-15,186699.02,253406.66
2009-08-15,186055.06,251967.48
2009-09-15,184978.6,250353.08
2009-10-15,184863.26,249956.25
2009-11-15,184728.71,249597.67
2009-12-15,181585.82,245784
2010-01-15,180653.52,243689.29
2010-02-15,180249.85,243084.19
2010-03-15,180749.64,242761.36
2010-04-15,182450.83,244621.31
2010-05-15,184075.14,246607.94
2010-06-15,183133.23,245585.81
2010-07-15,181979.88,243987.65
2010-08-15,181220.59,242634.64
2010-09-15,178721.66,239149.72
2010-10-15,178385.26,238402.72
2010-11-15,177164.63,236671.86
2010-12-15,174415.81,232600.04
2011-01-15,172407.05,228831.19
2011-02-15,171071.08,225943.78
2011-03-15,170013.84,222378.99
2011-04-15,171888.04,223391.94
2011-05-15,173204.79,224049.26
2011-06-15,174675.31,226193.7
2011-07-15,175002.1,226416.26
2011-08-15,173887.19,224355.12
2011-09-15,174050.58,224225.45
2011-10-15,172435.88,222604.43
2011-11-15,172589.67,222991.07
2011-12-15,171743.87,222446.94
2012-01-15,169965.79,219179.5
2012-02-15,170436.74,218823.34
2012-03-15,172993.34,220431.67
2012-04-15,175405.77,222832.45
2012-05-15,178279.54,226749.33
2012-06-15,180067.24,229359.39
2012-07-15,180384.41,230138.46
2012-08-15,180807.31,229401.35
2012-09-15,180643.91,228175.86
2012-10-15,180634.3,228252.5
2012-11-15,180845.75,229607.59
2012-12-15,180317.13,229554.64
2013-01-15,180538.19,229158.38
2013-02-15,181720.38,228785.18
2013-03-15,185007.43,232316.17
2013-04-15,187525.59,235723.32
2013-05-15,190899.14,239537.47
2013-06-15,193321.19,241995.9
2013-07-15,194320.76,243151.34
2013-08-15,193840.19,242258.59
2013-09-15,193869.03,242013.17
2013-10-15,193292.35,241916.29
2013-11-15,192725.29,241700.23
2013-12-15,192475.39,241407.54
2014-01-15,192139,240092.43
2014-02-15,193109.74,240416.41
2014-03-15,195454.89,241778.99
2014-04-15,197636.65,243674.5
2014-05-15,199828.02,245518.84
2014-06-15,202105.89,247856
2014-07-15,202817.13,248825.33
2014-08-15,202423.06,248757.42
2014-09-15,201586.88,247543.55
2014-10-15,201634.94,248226.18
2014-11-15,201827.16,249811.65
2014-12-15,201875.22,251296.01
2015-01-15,200923.7,251294.12
2015-02-15,202807.51,252553.34
2015-03-15,205460.23,254342.95
2015-04-15,207574.71,256439.2
2015-05-15,210631.09,258895.42
2015-06-15,212620.63,260428.6
2015-07-15,213427.97,261399.94
2015-08-15,212764.79,260957.29
2015-09-15,212707.13,261293.34
2015-10-15,212678.29,261375.45
2015-11-15,213062.74,262401.77
2015-12-15,212697.52,262850.16
2016-01-15,212639.85,262345.21
2016-02-15,213245.36,262875.89
2016-03-15,216984.14,266337.98
2016-04-15,219396.57,268028.39
2016-05-15,222097.34,270234.5
2016-06-15,224288.71,272007.45
2016-07-15,225297.9,273674.2
2016-08-15,225192.17,273294.76
2016-09-15,225307.51,272778.98
2016-10-15,225317.12,272450.94
2016-11-15,225615.07,273236.22
2016-12-15,225778.46,273344.63
2017-01-15,224903.84,270708.14
2017-02-15,226835.7,272177.14
2017-03-15,230363.04,276185.07
2017-04-15,233534.76,279159.82
2017-05-15,236264.36,282181.51
2017-06-15,237879.06,283852.54
2017-07-15,239003.58,285391.28
2017-08-15,239657.14,285317.32
2017-09-15,239426.47,283541.38
2017-10-15,239205.41,283458.75
2017-11-15,240070.43,284476.88
2017-12-15,239791.7,284313.72
2018-01-15,240675.94,283815.98
2018-02-15,243424.76,285761.67
2018-03-15,246202.42,288370.38
2018-04-15,248384.18,289773.94
2018-05-15,251296.4,291957.22
2018-06-15,252901.48,293354.44
2018-07-15,253708.83,294271.07
2018-08-15,254074.05,294531.06
2018-09-15,253401.27,293410.2
2018-10-15,253122.54,292570.56
2018-11-15,253804.94,294345.17
2018-12-15,252949.54,294293.1
2019-01-15,253728.05,294637.1
2019-02-15,255400.41,295330.72
2019-03-15,258312.63,297022.64
2019-04-15,261253.68,298822.16
2019-05-15,263954.45,301269.97
2019-06-15,265251.97,302690.64
2019-07-15,266107.37,303160.22
2019-08-15,266078.54,303142.73
2019-09-15,266808.99,303736.97
2019-10-15,266914.72,303164.24
2019-11-15,267308.78,303774.72
2019-12-15,267981.57,304816.6
2020-01-15,269019.59,304814.69
2020-02-15,272114.42,307478.63
2020-03-15,274603.74,310968.27
2020-04-15,276881.61,315658.58
2020-05-15,277698.57,316583.78
2020-06-15,281149.02,318773.04
2020-07-15,284522.57,320974.48
2020-08-15,288347.86,324267.37
2020-09-15,291980.92,327896.32
2020-10-15,295248.76,331428.6
2020-11-15,297363.24,334006.15
2020-12-15,299487.33,336075.57
2021-01-15,302226.54,337712.87
2021-02-15,306695.79,340840.99
2021-03-15,313933.08,346430.17
2021-04-15,321333.76,351706.29
2021-05-15,328446.1,356631.74
2021-06-15,334789.54,360173.29
2021-07-15,339489.46,363481.03
2021-08-15,341969.16,365381.12
2021-09-15,344314.32,366890.37
2021-10-15,347111.2,366823.03
2021-11-15,350196.42,368273.97
2021-12-15,352983.69,370068.08
2022-01-15,357654.77,371836.39
2022-02-15,366006.96,377075.56
2022-03-15,373907.43,380139.57
2022-04-15,381750.23,385958.46
